domain,count
gmail.com,3656
yahoo.com,2455
hotmail.com,1431
aol.com,677
bellsouth.net,276
comcast.net,139
live.com,109
msn.com,107
att.net,83
ymail.com,66
icloud.com,51
yahoo.es,42
outlook.com,35
dadeschools.net,32
me.com,29
mac.com,26
fiu.edu,21
ameritrade.com,19
mymdc.net,18
rocketmail.com,16
miamiedtech.com,15
mdc.edu,12
verizon.net,10
sbcglobal.net,10
miamidade.gov,10
aim.com,7
med.miami.edu,7
kf.org,7
address.com,6
miamigov.com,6
oicsfl.org,6
yahoo.fr,5
juno.com,5
mail.com,5
miami.edu,5
miamichamber.com,4
zagcreates.com,4
fmuniv.edu,4
netscape.net,4
atlanticbb.net,3
miamifoundation.org,3
ridealto.com,3
fpl.com,3
beaconcouncil.com,3
overtownyouth.org,3
earthlink.net,3
cs.com,3
mbdaexport.com,3
charter.net,3
m-dcc.org,3
ibm.com,3
lab22c.com,2
va.gov,2
baptisthealth.net,2
ingrammicro.com,2
yahoo.com.ar,2
flash.net,2
benstonegroup.com,2
webtv.net,2
netzero.com,2
statefarm.com,2
qwest.net,2
adelphia.com,2
lancopaints.com,2
cox.net,2
comcast.com,2
cei.net,2
careersourcesfl.com,2
stu.edu,2
zadvertisinggroup.com,2
ix.netcom.com,2
e2insurance.com,2
homesteadfl.gov,2
mdia.miami,2
netzero.net,2
ml.com,2
catalystmiami.org,1
relatedgroup.com,1
bdpnet.com,1
hakkinen.com,1
specinst.com,1
karlville.com,1
jbjprecision.com,1
noaa.gov,1
tgcinc.com,1
citynational.com,1
agt.com,1
sheltonandstewart.com,1
pepboys.com,1
sfl.sysco.com,1
idmworks.com,1
plastecusa.com,1
hellokitty.com,1
beferalaw.com,1
wellsfargo.com,1
nova.edu,1
bmscorp.net,1
targetengineering.com,1
haccof.com,1
altisllc.com,1
efgcapital.com,1
themedilawfirm.com,1
budd-e.net,1
mgillonline.com,1
galleriafarms.com,1
aircav.com,1
bftg.com,1
telus.net,1
willdalepress.com,1
baclawfirm.com,1
unitedwaymiami.org,1
gvtc.com,1
myself.com,1
caribesa.com,1
sbcglobai.net,1
arrizurieta.com,1
southeastoffset.com,1
bodybuilders.com,1
prosperausa.org,1
celebrity.com,1
yahoo.com.mx,1
hialeahmeter.com,1
baeza.com,1
harpersair.com,1
pycca.com,1
fritzgeitner.com,1
adrianacastroonline.com,1
intelnet.net.gt,1
the-barras.com,1
citi.com,1
accenture.com,1
popchick.com,1
hilton.com,1
mail2hell.com,1
eocpeople.com,1
zurich.com,1
proton.me,1
email.wm.edu,1
levi.com,1
worldcourier.com,1
gogig.com,1
mcx.es,1
dell.com,1
trivest.com,1
tulane.edu,1
sacherzelman.com,1
tobiasinc.com,1
avsrms.com,1
ahca.myflorida.com,1
prs-efg.com,1
watscoventures.com,1
blackbirdgc.com,1
bc.edu,1
allraum.com,1
hotmail.it,1
aims.aero,1
grovebook.com,1
cableone.net,1
baloyralaw.com,1
elcmdm.org,1
anzola.com,1
rawfoods.com,1
yaoo.net,1
sflhcc.com,1
endeavor.org,1
aguilarfirm.com,1
self-help.org,1
thepensionstudio.com,1
alving.org,1
carlosanaya.net,1
pboschlaw.com,1
googlemail.com,1
paveca.com.ve,1
guyladams.com,1
frtankterminals.com,1
tranceaddict.net,1
carichexpos.com,1
brodsonconstruction.com,1
amgfl.com,1
sunshinegasoline.com,1
winterwoodworks.com,1
amadopa.com,1
gosprout.app,1
nanafl.org,1
iese.net,1
wolfbergalvarez.com,1
usa.net,1
tworld.com,1
irwinbecker.com,1
scorevolunteer.org,1
advantas.net,1
xanatos.com,1
mpwproperties.com,1
elp.rr.com,1
insomnic.net,1
emediafactory.net,1
gwu.edu,1
wellingtonmgt.com,1
whopper.com,1
oba.co.uk,1
miamidda.com,1
mch.com,1
nigerpublishing.com,1
outlook.fr,1
salesfunnelprofessor.com,1
peoplepc.com,1
mca-airports.com,1
4geeksacademy.com,1
ondafilms.net,1
jhsmiami.org,1
occhio.nl,1
optonline.net,1
yahoo.com.br,1
in.com,1
partnersforselfemployment.org,1
monarch.net,1
jgr.com,1
cabrerabenefits.com,1
ci.loveland.co.us,1
fsmsdc.org,1
borrelliarchitects.com,1
mdpls.org,1
calvopa.com,1
barry.edu,1
alum.dartmouth.org,1
roadrunner.com,1
principal.com,1
colbertinvestment.com,1
pdmiami.com,1
lamansioninn.com,1
myway.com,1
cbh.com,1
eluxuryrealestatesearch.com,1
watchmybooks.com,1
fanm.org,1
callesfinancial.com,1
musburger.net,1
miami-airport.com,1
mtvstaff.com,1
habify.com,1
betacap.com,1
anewbroadband.com,1
refreshmiami.com,1
edinarealty.com,1
opals.net,1
tceinc.com,1
ultimatesoftware.com,1
perpetualartist.com,1
mannyg.global,1
covidien.com,1
texinter.com,1
maranataschoolbusservice.com,1
mybluelight.com,1
busot.com,1
techemail.com,1
camacom.org,1
kennedywilson.com,1
students.cookman.edu,1
corozobuttons.com,1
thelaunchpad.org,1
herald.com,1
bemail.net,1
smpalaw.com,1
balesandbales.com,1
aes.com,1
chartwellgroup.com,1
yahoo.co.uk,1
sentryindustries.net,1
fdlaw.net,1
mbf.miami,1
mactown.org,1
rock.com,1
usc.edu,1
rsilink.com,1
casamerica-marine.com,1
bluewin.ch,1
css.com,1
therrelbaisden.com,1
birch.com,1
advancedroofing.com,1
uber.com,1
ci.miami.fl.us,1
jjbymb.com,1
mdc.net,1
areceslaw.com,1
oceanbank.com,1
italianshoemakers.com,1
um-jmh.org,1
berenguergroup.com,1
compupay.com,1
carvalhos.us,1
travelleaders.com,1
charmainecampbell.com,1
linuxwaves.com,1
musinettv.com,1
orangeglue.com,1
albanytel.com,1
anthoud.com,1
coralgables.com,1
ljrhospitality.com,1
fau.edu,1
camuglia.com,1
mail2connecticut.com,1
nfco.com,1
omarriera.com,1
avenue04.com,1
camacol.org,1
bureau51.com,1
epix.net,1
bayadventures.com,1
advancerealtymiami.com,1
vineyardbrands.com,1
peninsulaplumbing.com,1
palig.com,1
nc.rr.com,1
northmiamifl.gov,1
chambersouth.com,1
sucden.us,1
nicadev.com,1
chsfla.com,1
creoletrans.com,1
ndelec.com,1
frostscience.org,1
danielmovingsystems.com,1
opolo.com,1
med.va.gov,1
mail2florida.com,1
ywca.org,1
soundhospitality.com,1
spectrumprograms.org,1
colpal.com,1
nlbrowncpa.com,1
biomedicalintl.com,1
centurytel.net,1
bandervisa.com,1
bodinco.com,1
horsepowerelectric.com,1
apcpharm.com,1
billussery.com,1
fox.com,1
coconutgrovebank.com,1
btimiami.com,1
realtracs.com,1
dpz.com,1
goodewealthmanagement.com,1
tcco.com,1
haggardlawfirm.com,1
powerloaders.com,1
rediffmail.com,1
adttsa.com,1
coralwave.com,1
swbell.net,1
pragmatic-systems.com,1
augierai.com,1
stanisgarage.com,1
accarltd.com,1
colliers.com,1
pescanovausa.com,1
estee.com,1
cahlindesigngroup.com,1
rctresearch.com,1
spotonusa.com,1
emergeamericas.com,1
amitrading.com,1
3dup.com,1
gnai.com,1
bellsouth.com,1
breakthroughflix.com,1
ntrs.com,1
ms.com,1
zoa.org,1
ckavs.com,1
ong.com,1
ascendus.org,1
care2.com,1
lydeckerdiaz.com,1
rccl.com,1
glants.com,1
spycenter.com,1
cruiseshopping.com,1
rbbpr.com,1
transworld-developers.com,1
resourcefullmind.com,1
bbdins.com,1
andreupalma.com,1
domainsbyproxy.com,1
fourseasonsmia.com,1
enercongroup.com,1
x-eeto.com,1
admin.com,1
thehiddengeniusproject.org,1
watsco.com,1
gmx.net,1
bilzin.com,1
human-i-t.org,1
students.jwu.edu,1
clorox.com,1
reliantrg.com,1
mindspring.com,1
planesa.com.gt,1
kctcs.edu,1
the-beach.net,1
valentinesparza.com,1
acquagal.com,1
uol.com.br,1
gate.net,1
tenethealth.com,1
ssisd.net,1
gte.net,1
thinkclarke.com,1
cfl.rr.com,1
beraja.com,1
alexisbatista.com,1
hotelluxer.com,1
lasallehighschool.com,1
gatech.edu,1
betterstepslife.org,1
petlovers.com,1
unicomm.com,1
redfoxpr.com,1
